{
	"wordPattern": "/(-?\\d*\\.\\d\\w*)|([^\\`\\~\\!\\#\\%\\^\\&\\*\\(\\)\\-\\=\\+\\[\\{\\]\\}\\\\|\\;\\:\\'\\\"\\,\\.\\<\\>\/\\?\\s]+)/g",
    "comments": {
        "blockComment": [ "(*", "*)" ]
    },
	// symbols used as brackets
	"brackets": [
		["{", "}"],
		["(", ")"]
	],
	// symbols that are auto closed when typing
	"autoClosingPairs": [
		{ "open": "\"", "close": "\"", "notIn": ["string", "comment"] },
        { "open": "'", "close": "'", "notIn": ["string", "comment"] },
        { "open": "{", "close": "}", "notIn": ["string", "comment"] },
        { "open": "(", "close": ")", "notIn": ["string", "comment"] }
	],
	// symbols that that can be used to surround a selection
	"surroundingPairs": [
		["{", "}"],
		["(", ")"],
		["\"", "\""]
	]
}
